id,Open,High,Low,Close,Adj_Close,Volume
0,12.3,12.41,12.25,12.39,9.968874,21891400
1,12.35,12.38,12.29,12.36,9.944737,22458400
2,12.4,12.43,12.33,12.42,9.993011,34634100
3,12.41,12.44,12.28,12.3,9.896462,19999600
4,12.3,12.52,12.21,12.47,10.033242,44713700
5,12.47,12.55,12.34,12.38,9.96083,22645900
6,12.38,12.5,12.38,12.47,10.033242,22243200
7,12.47,12.56,12.43,12.55,10.09761,26040400
8,12.48,12.61,12.48,12.6,10.13784,26030600
9,12.66,12.72,12.35,12.44,10.009105,40510400
10,12.53,12.57,12.46,12.5,10.05738,21079800
11,12.49,12.67,12.43,12.67,10.194161,36098900
12,12.62,12.75,12.62,12.7,10.218298,22879100
13,12.5,12.75,12.5,12.73,10.242435,34017900
14,12.61,12.69,12.38,12.38,9.96083,35733600
15,12.32,12.77,12.28,12.7,10.218298,42690200
16,12.53,12.68,12.33,12.38,9.96083,56549100
17,12.18,12.31,12.11,12.14,9.767728,62450600
18,12.14,12.18,12.06,12.11,9.743589,57334800
19,12.05,12.13,12.01,12.11,9.743589,26271600
20,12.12,12.33,12.06,12.11,9.743589,41175500
21,12.09,12.19,11.96,12,9.655085,37820800
22,12.08,12.11,12.01,12.09,9.727498,32934600
23,12.17,12.29,12.16,12.18,9.799911,36136200
24,12.12,12.22,12.12,12.17,9.791863,18993500
25,12.12,12.12,12,12.01,9.663128,26758600
26,12.02,12.09,11.93,11.98,9.638993,28965800
27,12.02,12.09,11.96,12.09,9.727498,29341500
28,12.03,12.12,11.95,11.97,9.630947,23397400
29,12,12.14,11.99,12.07,9.711407,34903800
30,12.06,12.15,12.02,12.1,9.735544,20683100
31,12.11,12.25,12.09,12.2,9.816004,23948700
32,12.22,12.53,12.22,12.48,10.041287,55529100
33,12.43,12.51,12.33,12.39,9.968874,25880900
34,12.39,12.42,12.2,12.29,9.888415,22093200
35,12.35,12.38,12.1,12.12,9.751635,24951400
36,12.17,12.17,11.91,11.99,9.647038,40053500
37,12,12.01,11.94,11.96,9.622901,20627000
38,11.91,11.91,11.69,11.91,9.58267,39904200
39,11.96,12,11.89,11.91,9.58267,25775700
40,11.91,12,11.88,11.88,9.558534,19875000
41,11.92,11.93,11.71,11.89,9.566579,39911300
42,11.89,12.05,11.88,12.01,9.663128,26094000
43,12.02,12.03,11.9,11.97,9.630947,18116000
44,11.93,12.04,11.85,12.02,9.671175,24364200
45,12.06,12.2,12.06,12.19,9.807957,33733600
46,12.05,12.1,11.76,11.85,9.653179,42486000
47,11.8,11.93,11.76,11.88,9.677618,36219900
48,11.81,11.83,11.6,11.74,9.563574,48402000
49,11.74,11.85,11.63,11.72,9.54728,37142400
50,11.75,11.81,11.69,11.74,9.563574,31898400
51,11.78,11.84,11.5,11.61,9.457671,35613600
52,11.51,11.56,11.36,11.4,9.286604,36229400
53,11.39,11.46,11.27,11.35,9.245872,38651500
54,11.31,11.5,11.3,11.34,9.237725,24752400
55,11.52,11.62,11.39,11.58,9.433235,25120700
56,11.5,11.51,11.35,11.48,9.351772,28497900
57,11.15,11.63,11.07,11.58,9.433235,60625700
58,11.58,11.98,11.58,11.94,9.726494,52756500
59,11.88,12.4,11.84,12.28,10.003464,79259300
60,12.27,12.5,12.02,12.06,9.82425,56109900
61,12.06,12.14,11.95,12.04,9.807958,31498500
62,12,12.05,11.92,12,9.775372,25195500
63,11.9,11.96,11.78,11.87,9.669472,38502500
64,11.87,11.9,11.73,11.76,9.579865,30662000
65,11.77,11.9,11.77,11.79,9.604302,19508600
66,11.76,11.91,11.73,11.89,9.685764,24274700
67,11.9,12,11.85,11.9,9.69391,22414000
68,11.95,12.06,11.93,12.04,9.807958,11439600
69,12.02,12.05,11.89,11.92,9.710204,24407200
70,11.93,12,11.87,11.92,9.710204,23690800
71,11.97,12.14,11.92,11.96,9.742787,47646200
72,12.23,12.8,12.18,12.43,10.125656,95143600
73,12.58,12.58,12.15,12.24,9.97088,38689800
74,12.31,12.5,12.29,12.44,10.133801,36220000
75,12.4,12.59,12.37,12.56,10.231556,23923900
76,12.59,13.15,12.54,13.06,10.638864,58600400
77,13.07,13.15,12.97,13.03,10.614423,41459500
78,13,13.2,12.91,13.17,10.728472,45256100
79,13.08,13.1,12.81,12.82,10.443356,39596800
80,12.84,12.88,12.75,12.77,10.402627,39570500
81,12.65,12.79,12.5,12.53,10.207117,42820100
82,12.54,12.72,12.52,12.58,10.247848,23774800
83,12.66,12.7,12.56,12.63,10.288578,28354900
84,12.59,12.8,12.59,12.66,10.313017,22830000
85,12.7,12.82,12.68,12.78,10.410771,17834000
86,12.73,12.77,12.64,12.64,10.296725,18117100
87,12.63,12.64,12.4,12.4,10.101216,27821100
88,12.43,12.46,12.36,12.46,10.150093,15621200
89,12.43,12.51,12.36,12.39,10.093071,19467400
90,12.37,12.45,12.22,12.25,9.979024,26875400
91,12.25,12.31,12.22,12.23,9.962733,19819100
92,12.24,12.28,12.08,12.13,9.88127,27405700
93,12.2,12.6,12.13,12.59,10.255995,40510800
94,12.77,13.27,12.74,13.17,10.728472,77638100
95,13.21,13.22,12.63,12.77,10.402627,75628400
96,12.8,12.84,12.64,12.76,10.39448,40315900
97,12.79,12.86,12.63,12.63,10.288578,39438400
98,12.7,13.02,12.66,12.85,10.467794,58703500
99,12.71,12.72,12.51,12.67,10.321165,49718700
100,12.66,12.68,12.35,12.59,10.255995,36493300
101,12.62,12.67,12.5,12.63,10.288578,29197100
102,12.65,12.73,12.54,12.61,10.272288,49069500
103,12.43,12.45,12.3,12.41,10.272288,33830800
104,12.4,12.56,12.34,12.43,10.288842,30135600
105,12.45,12.48,12.31,12.36,10.2309,29270000
106,12.35,12.38,12.22,12.31,10.189513,31670700
107,12.35,12.61,12.34,12.61,10.437836,34625200
108,12.71,12.8,12.64,12.79,10.586829,46747800
109,12.65,12.68,12.35,12.37,10.239177,55672800
110,12.48,12.54,12.38,12.49,10.338505,34613900
111,12.46,12.46,12.28,12.37,10.239177,39254200
112,12.31,12.39,12.19,12.36,10.2309,46974500
113,12.45,12.58,12.22,12.32,10.19779,44396800
114,12.3,12.37,12.23,12.28,10.16468,29035400
115,12.42,12.62,12.39,12.56,10.396448,38245300
116,12.55,12.62,12.46,12.52,10.363338,26916800
117,12.5,12.52,12.31,12.34,10.214345,32914400
118,12.34,12.45,12.27,12.38,10.247454,26411400
119,12.38,12.47,12.35,12.38,10.247454,32924600
120,12.44,12.51,12.37,12.51,10.35506,32996500
121,12.54,12.62,12.48,12.56,10.396448,24474000
122,12.64,12.7,12.59,12.65,10.470943,28355700
123,12.62,12.64,12.55,12.63,10.454391,25114400
124,12.61,12.64,12.48,12.54,10.379891,22896500
125,12.5,12.58,12.42,12.58,10.413003,26407400
126,12.61,12.72,12.61,12.69,10.504054,29156200
127,12.66,12.77,12.65,12.67,10.487501,24787500
128,12.7,12.72,12.55,12.56,10.396448,22520600
129,12.51,12.51,12.38,12.47,10.321951,40817300
130,12.49,12.68,12.43,12.66,10.479222,41713100
131,12.63,12.66,12.45,12.53,10.371616,36089800
132,12.66,12.75,12.65,12.69,10.504054,36178600
133,12.72,12.75,12.58,12.66,10.479222,33245100
134,12.66,12.71,12.53,12.65,10.470943,30429200
135,12.58,12.6,12.5,12.52,10.363338,28753600
136,12.51,12.53,12.42,12.46,10.313674,25906900
137,12.5,12.64,12.46,12.53,10.371616,27327800
138,12.54,12.54,12.4,12.5,10.346782,29149100
139,12.55,12.63,12.47,12.53,10.371616,34866100
140,12.56,12.63,12.5,12.54,10.379891,22625800
141,12.51,12.56,12.45,12.55,10.38817,26956700
142,12.56,12.65,12.52,12.65,10.470943,34296200
143,12.65,12.72,12.59,12.7,10.512331,28954700
144,12.74,12.74,12.45,12.48,10.330228,54929100
145,12.48,12.49,12.25,12.28,10.16468,45329700
146,12.3,12.32,11.7,11.72,9.701144,101559900
147,11.72,11.83,11.62,11.77,9.742534,71107900
148,11.57,11.75,11.5,11.67,9.659759,71209300
149,11.66,11.77,11.55,11.62,9.618369,43772400
150,11.51,11.55,11.41,11.46,9.485932,57713400
151,11.51,11.8,11.48,11.65,9.643203,57662800
152,11.73,11.76,11.64,11.68,9.668035,35795700
153,11.67,11.74,11.61,11.68,9.668035,28008200
154,11.66,11.68,11.6,11.64,9.634925,26717500
155,11.64,11.64,11.28,11.44,9.469376,65671100
156,11.38,11.48,11.28,11.37,9.411435,40068200
157,11.48,11.5,11.25,11.26,9.320382,43316100
158,11.27,11.36,11.22,11.27,9.32866,36165300
159,11.26,11.31,11.21,11.23,9.29555,28874900
160,11.26,11.35,11.24,11.25,9.312105,25857100
161,11.27,11.28,11.17,11.28,9.336938,36366300
162,11.27,11.3,11.2,11.23,9.29555,56588400
163,11.22,11.25,11.11,11.11,9.196221,32789900
164,11.22,11.3,11.14,11.28,9.336938,44731700
165,11.15,11.18,11.08,11.14,9.345326,35660000
166,11.19,11.28,11.17,11.19,9.38727,37524400
167,11.25,11.5,11.24,11.47,9.622163,49990200
168,11.46,11.48,11.32,11.34,9.513107,26076200
169,11.48,11.5,11.36,11.43,9.588609,41071300
170,11.47,11.5,11.43,11.48,9.630551,35862500
171,11.47,11.7,11.45,11.6,9.731221,51685800
172,11.66,11.68,11.34,11.47,9.622163,50203700
173,11.51,11.51,11.4,11.47,9.622163,41415100
174,11.49,11.54,11.4,11.42,9.580219,32118400
175,11.3,11.37,10.9,10.92,9.160768,99514700
176,10.92,11.09,10.91,11.07,9.286604,57290600
177,11.09,11.11,10.96,11,9.22788,34639800
178,11.01,11.16,10.98,11.14,9.345326,28926000
179,11.18,11.24,11.09,11.13,9.336938,35561800
180,11.14,11.26,11.1,11.16,9.362105,44142900
181,11.16,11.2,11.03,11.04,9.261436,34989300
182,11.04,11.07,10.97,11.01,9.236269,29276300
183,11,11.03,10.9,10.92,9.160768,34264300
184,10.96,11.03,10.92,10.94,9.177547,27359500
185,11.06,11.07,10.9,10.94,9.177547,42130200
186,10.94,10.95,10.67,10.76,9.026546,54670100
187,10.73,10.82,10.7,10.79,9.051711,37890800
188,10.81,10.94,10.79,10.87,9.118823,32431700
189,11.11,11.13,10.98,11.1,9.311771,73335000
190,11.16,11.17,10.97,11.05,9.269825,40816600
191,11.06,11.06,10.87,10.96,9.194325,46638800
192,10.96,10.97,10.76,10.86,9.110435,46269200
193,10.85,10.95,10.81,10.93,9.169157,28176500
194,11,11.12,10.99,11.08,9.294994,36082600
195,11.12,11.13,11,11.12,9.328549,36398700
196,11.25,11.54,11.1,11.41,9.571828,76707200
197,11.42,11.43,11.24,11.35,9.521495,45925000
198,11.36,11.36,11.23,11.25,9.437607,42558600
199,11.19,11.2,11.05,11.12,9.328549,44543700
200,11.16,11.19,11.02,11.07,9.286604,37344200
201,11.07,11.1,10.91,11.1,9.311771,40757400
202,11.09,11.15,11.01,11.13,9.336938,30285900
203,11.13,11.36,11.13,11.28,9.462772,38473100
204,11.32,11.35,11.15,11.27,9.454384,29889300
205,11.27,11.29,11.06,11.22,9.412437,44367900
206,11.15,11.29,11.14,11.24,9.429215,28431600
207,11.24,11.24,11.07,11.22,9.412437,54035400
208,11.2,11.28,11.18,11.24,9.429215,30540900
209,11.21,11.22,11.09,11.12,9.328549,31971500
210,11.15,11.15,11,11.04,9.261436,37002500
211,11.02,11.18,11,11.13,9.336938,26972800
212,11.1,11.13,11,11.04,9.261436,45190200
213,11.06,11.2,11.06,11.18,9.378882,31316800
214,11.17,11.2,11.06,11.08,9.294994,28491600
215,11.11,11.17,11.07,11.09,9.30338,31820000
216,11.13,11.2,11.07,11.17,9.370494,32917000
217,11.18,11.28,11.16,11.19,9.38727,41075000
218,11.36,11.69,11.25,11.56,9.697664,43949600
219,11.51,11.56,11.26,11.3,9.479552,39412200
220,11.29,11.36,11.17,11.18,9.378882,31936000
221,11.21,11.28,11.16,11.26,9.445995,20871800
222,11.24,11.35,11.23,11.34,9.513107,18881300
223,11.31,11.43,11.3,11.38,9.546661,25914300
224,11.41,11.62,11.4,11.47,9.622163,33088200
225,11.46,11.69,11.45,11.6,9.731221,33650800
226,11.65,11.73,11.6,11.68,9.798333,39792200
227,11.71,11.75,11.65,11.74,9.848665,24394200
228,11.72,11.75,11.67,11.75,9.857055,24625200
229,11.76,11.83,11.74,11.83,9.924166,26225900
230,11.69,11.78,11.66,11.7,9.941157,30315100
231,11.59,11.62,11.46,11.53,9.796715,27630600
232,11.51,11.55,11.27,11.29,9.592794,48123400
233,11.3,11.38,11.22,11.27,9.575801,52854300
234,11.14,11.16,10.95,11.06,9.397369,72271700
235,11.08,11.2,11.03,11.18,9.499331,38687500
236,11.15,11.22,11.06,11.17,9.490834,24864100
237,11.16,11.23,11.13,11.22,9.533318,39548600
238,11.11,11.15,10.87,10.95,9.303906,65140100
239,10.98,11.03,10.93,11,9.346388,30890500
240,11.01,11.05,10.92,10.93,9.286912,20309300
241,10.9,10.99,10.78,10.95,9.303906,29267600
242,10.94,10.98,10.9,10.92,9.278414,35013000
243,10.95,11,10.88,10.89,9.252925,26322100
244,10.88,10.95,10.83,10.92,9.278414,32155900
245,10.88,10.91,10.77,10.77,9.150965,31903800
246,10.79,10.84,10.76,10.77,9.150965,32300100
247,10.82,10.95,10.79,10.91,9.269919,26413500
248,10.92,11,10.84,10.84,9.210443,29266300
249,10.86,10.9,10.78,10.8,9.176455,28316300
250,10.79,10.8,10.6,10.64,9.040507,35518800
251,10.62,10.63,10.47,10.56,8.972536,43998700
252,10.53,10.66,10.52,10.57,8.981031,30152500
253,10.61,10.73,10.61,10.65,9.049005,28676100
254,10.61,10.78,10.59,10.71,9.099985,35405800
255,10.75,10.8,10.69,10.71,9.099985,33584400
256,10.77,10.88,10.76,10.82,9.193448,35926800
257,10.86,10.88,10.73,10.79,9.167959,22307400
258,10.75,10.89,10.73,10.84,9.210443,29807300
259,10.82,10.94,10.77,10.94,9.295408,23629300
260,10.97,11.2,10.95,11.03,9.371881,54208900
261,11.18,11.43,11.14,11.35,9.643774,64560300
262,11.36,11.39,11.24,11.36,9.652271,44000200
263,11.39,11.53,11.39,11.5,9.771225,43279000
264,11.52,11.52,11.33,11.4,9.686256,30271000
265,11.34,11.39,11.29,11.36,9.652271,26633900
266,11.4,11.45,11.38,11.41,9.694755,43375000
267,11.43,11.67,11.39,11.59,9.847696,41386700
268,11.6,11.63,11.52,11.62,9.873184,23302200
269,11.6,11.68,11.48,11.56,9.822205,31696300
270,11.54,11.63,11.49,11.62,9.873184,30865500
271,11.63,11.73,11.6,11.63,9.881683,25132400
272,11.63,11.74,11.62,11.72,9.958153,26392900
273,11.68,11.8,11.64,11.71,9.949656,26705300
274,11.71,11.82,11.69,11.72,9.958153,40319400
275,11.74,11.87,11.72,11.84,10.060114,30196500
276,11.88,12.06,11.84,11.94,10.14508,40766000
277,11.95,12,11.9,11.93,10.136583,30646700
278,11.98,12.02,11.86,11.95,10.153578,28412200
279,11.95,11.99,11.9,11.96,10.162074,23105700
280,11.97,12.02,11.92,11.97,10.17057,31227500
281,12,12.09,11.97,12.09,10.272532,36020000
282,12.32,12.43,12.22,12.34,10.48495,65641700
283,12.33,12.46,12.28,12.3,10.450964,52909800
284,12.34,12.36,12.15,12.25,10.40848,48145800
285,12.2,12.33,12.19,12.31,10.45946,35091800
286,12.33,12.41,12.25,12.34,10.48495,28924800
287,12.34,12.42,12.25,12.39,10.527433,40586200
288,12.38,12.43,12.31,12.38,10.518936,34953400
289,12.3,12.32,12.11,12.12,10.298023,45924400
290,12.06,12.17,11.87,12.05,10.238545,44597300
291,11.99,12.15,11.96,12.12,10.298023,32349700
292,12.13,12.31,12.12,12.27,10.425473,55273200
293,12.28,12.35,12.17,12.19,10.357498,30783700
294,12.14,12.25,12.05,12.23,10.391485,29678200
295,12.12,12.14,12,12.1,10.408689,28171700
296,12.11,12.19,12.04,12.04,10.357078,21504800
297,12.11,12.26,12.09,12.19,10.48611,34651200
298,12.15,12.15,11.97,12.04,10.357078,47674800
299,12.2,12.34,12.06,12.27,10.554929,49003100
300,12.23,12.24,12.01,12.06,10.374282,33925400
301,12.01,12.15,11.95,12.1,10.408689,36457400
302,12.15,12.3,12.13,12.27,10.554929,42010200
303,12.4,12.47,12.28,12.35,10.623746,43495800
304,12.33,12.43,12.26,12.42,10.683961,40923400
305,12.41,12.46,12.32,12.36,10.632349,33220300
306,12.36,12.43,12.3,12.33,10.606541,20178500
307,12.35,12.38,12.11,12.16,10.460303,41536300
308,12.14,12.16,12.01,12.06,10.374282,34127500
309,12.01,12.05,11.93,12.04,10.357078,26257300
310,12,12.09,11.98,12.01,10.331271,35298400
311,12.01,12.22,11.97,12.16,10.460303,30415900
312,12.1,12.16,11.99,12.02,10.339873,25893400
313,11.97,12.03,11.87,12,10.322669,28441300
314,12,12.05,11.93,12.04,10.357078,28269000
315,12.02,12.06,11.99,12.01,10.331271,31117700
316,12.03,12.15,12.02,12.13,10.434497,32352000
317,12.14,12.23,12.12,12.12,10.425896,28510300
318,12.11,12.15,12.05,12.07,10.382884,36184000
319,12.1,12.15,12.03,12.1,10.408689,9549600
320,12.09,12.19,12.06,12.11,10.417291,28525200
321,12.15,12.24,12.08,12.21,10.503314,33199300
322,12.24,12.57,12.23,12.56,10.804394,64866000
323,12.53,12.65,12.42,12.52,10.769984,49224200
324,12.62,12.7,12.35,12.58,10.821597,52458700
325,12.65,12.81,12.59,12.63,10.864608,39558900
326,12.42,12.62,12.4,12.43,10.692563,45527200
327,12.37,12.43,12.28,12.38,10.649552,28453800
328,12.58,12.59,12.33,12.53,10.778586,25417100
329,12.53,12.61,12.43,12.61,10.847403,21981900
330,12.57,12.63,12.51,12.58,10.821597,44194600
331,12.56,12.64,12.51,12.6,10.8388,54370600
332,12.61,12.73,12.59,12.63,10.864608,31859000
333,12.65,12.69,12.41,12.46,10.718369,37074000
334,12.51,12.66,12.5,12.58,10.821597,48655500
335,12.66,12.75,12.61,12.66,10.890413,25022700
336,12.71,12.78,12.66,12.69,10.916221,23056900
337,12.72,12.75,12.65,12.72,10.942027,18989400
338,12.74,12.77,12.63,12.63,10.864608,21004700
339,12.66,12.66,12.56,12.58,10.821597,17876200
340,12.57,12.65,12.55,12.6,10.8388,11664600
341,12.57,12.58,12.45,12.5,10.752779,17005600
342,12.48,12.58,12.47,12.58,10.821597,14793500
343,12.58,12.61,12.49,12.49,10.744176,18362500
344,12.52,12.66,12.5,12.66,10.890413,20773300
345,12.68,12.8,12.67,12.76,10.976439,29765600
346,12.78,13.04,12.77,12.98,11.165686,37478200
347,13.06,13.22,13.04,13.2,11.354935,46121900
348,13.21,13.22,13.11,13.15,11.311922,33828300
349,13.18,13.22,13.08,13.08,11.251708,27924100
350,13.06,13.14,12.96,13.03,11.208695,56517100
351,13.02,13.2,13,13.16,11.320525,28342300
352,13.1,13.29,13.1,13.23,11.380741,56979200
353,13.31,13.48,13.01,13.1,11.268913,53961400
354,12.58,12.58,12.1,12.18,10.477509,132412500
355,12.18,12.2,12.02,12.07,10.382884,66541700
356,12.12,12.12,11.91,12,10.322669,51303700
357,12.02,12.08,11.9,12.02,10.339873,52851900
358,12.03,12.03,11.9,11.96,10.288259,51831000
359,12,12.09,11.92,12.05,10.36568,63300500
360,11.93,11.93,11.44,11.57,9.952772,114886800
361,11.59,11.7,11.5,11.65,10.02159,52496000
362,11.42,11.47,11.11,11.12,9.801238,55114000
363,11.09,11.23,11.05,11.06,9.748354,52068200
364,11.09,11.12,10.9,10.97,9.669026,57644600
365,10.95,11,10.85,10.92,9.624957,41352200
366,10.88,10.88,10.62,10.71,9.439862,72312900
367,10.78,10.8,10.24,10.24,9.0256,96757000
368,10.27,10.79,10.19,10.76,9.483932,139938100
369,10.75,11.04,10.7,10.76,9.483932,68041800
370,10.79,10.86,10.42,10.43,9.193069,73990700
371,10.57,10.64,10.24,10.53,9.281209,72103600
372,10.67,10.82,10.54,10.7,9.431047,49068900
373,10.63,10.69,10.53,10.59,9.334092,36884500
374,10.55,10.75,10.5,10.74,9.466303,27844300
375,10.8,10.8,10.64,10.76,9.483932,28208300
376,10.7,10.82,10.52,10.61,9.35172,41041800
377,10.58,10.67,10.55,10.63,9.36935,27617900
378,10.65,10.75,10.59,10.6,9.342908,36037700
379,10.6,10.73,10.56,10.63,9.36935,25409600
380,10.67,10.71,10.62,10.7,9.431047,21786800
381,10.74,10.95,10.7,10.89,9.598516,27157800
382,10.93,10.99,10.6,10.61,9.35172,43502000
383,10.68,10.79,10.57,10.61,9.35172,41321400
384,10.65,10.69,10.2,10.29,9.069672,75841400
385,10.24,10.42,10.14,10.4,9.166625,60491900
386,10.31,10.63,10.3,10.58,9.325278,44021300
387,10.65,10.68,10.47,10.63,9.36935,30978900
388,10.51,10.64,10.43,10.63,9.36935,30046600
389,10.65,10.68,10.48,10.61,9.35172,26948000
390,10.63,10.73,10.57,10.73,9.457488,26684400
391,10.69,10.85,10.68,10.81,9.528003,33800900
392,10.84,10.98,10.73,10.78,9.50156,44456800
393,11.25,11.44,11.01,11.02,9.713098,91985300
394,11.05,11.25,10.95,11.07,9.757168,47645300
395,11.12,11.22,11.06,11.15,9.827681,80684200
396,11.15,11.17,10.87,11.01,9.704285,63122500
397,11.05,11.13,10.97,10.99,9.686653,45612800
398,11,11.19,10.93,11.1,9.783608,38551000
399,11,11.06,10.73,10.75,9.475119,51280900
400,10.79,10.81,10.51,10.56,9.307652,39950900
401,10.74,10.87,10.68,10.83,9.545631,52325500
402,10.85,10.92,10.72,10.83,9.545631,40677300
403,10.83,10.95,10.73,10.86,9.572072,42263700
404,10.93,11.13,10.92,11.08,9.765981,39864000
405,11.06,11.09,10.7,10.86,9.572072,43598100
406,11.01,11.18,10.9,11.15,9.827681,42523900
407,10.87,11.36,10.8,11.33,9.986334,44834600
408,11.34,11.38,11.23,11.35,10.003963,28755600
409,11.28,11.35,11.07,11.18,9.854123,31920700
410,11.25,11.38,11.2,11.25,9.915821,36462700
411,11.44,11.55,11.41,11.45,10.092102,43144300
412,11.38,11.49,11.3,11.43,10.074474,32979000
413,11.5,11.54,11.25,11.31,9.968706,47133700
414,11.35,11.39,11.23,11.28,9.942263,34598800
415,11.36,11.45,11.27,11.38,10.030404,32803300
416,11.43,11.45,11.3,11.38,10.030404,30906800
417,11.38,11.48,11.3,11.33,9.986334,46226100
418,11.18,11.25,10.85,10.96,9.789824,49154200
419,11.01,11.03,10.78,10.82,9.66477,44930000
420,10.84,11.04,10.83,11.04,9.86128,31936500
421,11.05,11.17,10.93,10.96,9.789824,39625000
422,10.96,11.16,10.87,11.11,9.923807,40356100
423,11.42,11.53,11.29,11.43,10.209641,80676800
424,11.4,11.56,11.38,11.49,10.263235,33375900
425,11.53,11.73,11.22,11.24,10.039927,66090900
426,11.25,11.35,11.1,11.26,10.057794,61430400
427,11.26,11.27,11.12,11.21,10.013129,41899500
428,11.17,11.21,10.97,11.2,10.0042,38907400
429,11.16,11.41,11.09,11.36,10.147115,32043500
430,11.36,11.44,11.31,11.34,10.129251,27510300
431,11.32,11.37,11.24,11.27,10.066726,25754100
432,11.21,11.28,11.02,11.06,9.879146,43732000
433,11.04,11.25,11.02,11.21,10.013129,32023800
434,11.22,11.25,11.16,11.19,9.995266,19837700
435,11.23,11.29,11.17,11.18,9.986335,27903100
436,11.1,11.25,11.06,11.22,10.022063,26950100
437,11.21,11.4,11.2,11.4,10.182844,28976700
438,11.4,11.48,11.38,11.46,10.236438,20741100
439,11.44,11.47,11.3,11.33,10.120317,23893700
440,11.42,11.55,11.39,11.51,10.281099,31011900
441,11.58,11.64,11.51,11.52,10.290033,22360900
442,11.5,11.55,11.33,11.44,10.218573,23595000
443,11.45,11.65,11.44,11.62,10.379354,34876300
444,11.56,11.61,11.47,11.51,10.281099,19337500
445,11.6,11.62,11.36,11.44,10.218573,31324300
446,11.53,11.61,11.47,11.55,10.316831,25554600
447,11.65,11.74,11.36,11.55,10.316831,61563200
448,11.67,11.77,11.61,11.71,10.459747,35406200
449,11.74,11.79,11.69,11.74,10.486544,25141300
450,11.74,11.87,11.68,11.83,10.566935,31036700
451,11.87,12,11.82,11.97,10.691988,31110500
452,11.97,12.15,11.96,12.03,10.74558,47314100
453,12.04,12.12,12,12.1,10.808107,28371900
454,12.1,12.15,12.02,12.03,10.74558,30398100
455,12.07,12.15,12.03,12.11,10.817039,51395400
456,12.1,12.1,11.96,12.02,10.73665,28406700
457,12,12.01,11.84,11.89,10.62053,34523000
458,11.84,12.03,11.8,11.88,10.611596,56326800
459,11.82,12.04,11.81,11.99,10.709852,32706500
460,11.82,11.89,11.67,11.89,10.62053,40064800
461,11.97,12.05,11.83,11.87,10.602664,31964800
462,11.8,11.83,11.64,11.71,10.459747,33316700
463,11.75,11.87,11.62,11.65,10.406152,36703500
464,11.63,11.67,11.38,11.5,10.272168,36101900
465,11.56,11.63,11.49,11.52,10.290033,36627700
466,11.54,11.64,11.4,11.42,10.20071,27242000
467,11.37,11.4,11.15,11.28,10.075657,43836400
468,11.32,11.37,11.03,11.07,9.888079,44718500
469,11.02,11.11,10.91,11.1,9.914875,37892800
470,11.1,11.15,10.94,10.99,9.816618,16544800
471,11.1,11.14,11.02,11.05,9.870214,32008500
472,11.04,11.1,10.92,11.06,9.879146,25646700
473,11.1,11.26,11.03,11.2,10.0042,23916800
474,11.2,11.26,11.17,11.25,10.048861,21231500
475,11.15,11.17,11.05,11.07,9.888079,30030100
476,11.1,11.14,11,11.05,9.870214,27025200
477,11.02,11.05,10.91,10.98,9.807687,36561500
478,10.95,10.97,10.76,10.85,9.691567,46156800
479,10.8,10.9,10.8,10.86,9.700499,37584300
480,10.85,10.9,10.81,10.87,9.70943,36420000
481,10.89,10.9,10.77,10.82,9.66477,40308800
482,10.68,10.72,10.51,10.56,9.565134,41531200
483,10.56,10.57,10.42,10.47,9.483612,34942000
484,10.51,10.74,10.5,10.57,9.57419,47303000
485,10.32,10.57,10.12,10.52,9.528902,92497700
486,10.14,10.16,9.84,9.89,8.958256,103893000
487,9.96,10.05,9.91,9.93,8.994487,46171100
488,9.96,10.1,9.93,10.07,9.121297,35877000
489,10.11,10.11,10,10.04,9.094123,38026900
490,10.06,10.08,9.82,9.9,8.967312,44126700
491,9.9,9.98,9.84,9.92,8.985428,40318900
492,9.93,10.06,9.93,10.04,9.094123,25925100
493,10,10.05,9.97,10.03,9.085064,22247900
494,10.04,10.1,10.02,10.08,9.130355,27961200
495,10.05,10.1,10.04,10.05,9.103181,22600900
496,10.06,10.07,9.9,9.91,8.976371,35682600
497,9.91,9.91,9.72,9.74,8.822386,39180500
498,9.74,9.75,9.42,9.46,8.568765,66586200
499,9.51,9.62,9.45,9.5,8.604998,37657400
500,9.46,9.5,9.35,9.45,8.559706,36298600
501,9.5,9.6,9.49,9.51,8.614056,28857700
502,9.53,9.6,9.46,9.55,8.650288,32742900
503,9.56,9.74,9.56,9.72,8.804271,25252500
504,9.77,9.9,9.69,9.86,8.931081,46413900
505,9.79,9.82,9.68,9.69,8.777096,30803700
506,9.67,9.69,9.58,9.63,8.72275,31511800
507,9.65,9.7,9.61,9.68,8.768039,18380000
508,9.75,10.04,9.73,9.99,9.048834,49769300
509,10.08,10.09,9.95,10.01,9.066948,33845500
510,10.01,10.02,9.9,9.97,9.030718,37336400
511,9.87,9.91,9.67,9.7,8.786155,48539300
512,9.64,9.68,9.4,9.48,8.586881,76424900
513,9.53,9.58,9.36,9.47,8.577824,54111100
514,9.47,9.55,9.32,9.49,8.595939,44561900
515,9.48,9.55,9.4,9.43,8.541593,29519100
516,9.41,9.49,9.25,9.27,8.396666,51229900
517,9.31,9.49,9.3,9.38,8.496303,30421700
518,9.35,9.36,9.22,9.31,8.432898,27158400
519,9.31,9.42,9.28,9.34,8.460072,25450000
520,9.38,9.41,9.31,9.37,8.487244,29315700
521,9.38,9.48,9.36,9.45,8.559706,30013300
522,9.44,9.6,9.43,9.55,8.650288,29544400
523,9.54,9.61,9.48,9.58,8.67746,57055400
524,9.61,9.83,9.61,9.78,8.858618,40111500
525,9.83,9.93,9.71,9.81,8.885792,46314400
526,9.84,9.94,9.78,9.85,8.922024,74488600
527,9.78,9.85,9.52,9.59,8.686519,43170800
528,9.53,9.56,9.37,9.39,8.50536,44406100
529,9.38,9.41,9.27,9.27,8.396666,58597500
530,9.3,9.33,9.2,9.23,8.360434,57272200
531,9.22,9.28,9.09,9.25,8.37855,30987200
532,9.43,9.44,9.3,9.32,8.441955,44864700
533,9.27,9.34,9.18,9.2,8.333261,41806400
534,9.27,9.31,9.13,9.13,8.269855,47023100
535,9.13,9.22,9.09,9.15,8.287971,38889600
536,9.15,9.22,9.1,9.12,8.260797,36952200
537,9.1,9.28,9.09,9.26,8.387608,43657700
538,9.23,9.31,8.95,8.95,8.106812,58356900
539,8.95,8.98,8.81,8.82,7.989059,54104100
540,8.82,8.99,8.76,8.81,7.980003,66170800
541,8.95,8.95,8.55,8.64,7.826019,59308500
542,8.67,8.85,8.66,8.81,7.980003,40183200
543,8.87,8.89,8.73,8.8,7.970944,36772000
544,8.8,8.86,8.64,8.76,7.934714,48795100
545,8.74,8.76,8.5,8.51,7.708267,59669200
546,8.32,8.53,8.19,8.5,7.699208,59831100
547,8.38,8.45,8.27,8.41,7.754531,39803500
548,8.3,8.64,8.23,8.59,7.920503,55443300
549,8.5,8.6,8.17,8.18,7.542458,58895100
550,8.52,9,8.46,8.99,8.289328,90399200
551,8.96,9.06,8.86,8.98,8.280106,100639800
552,9.36,9.59,9.17,9.28,8.556725,92275100
553,9.31,9.56,9.27,9.46,8.722695,58062000
554,9.62,9.67,9.43,9.55,8.805681,68507100
555,9.54,9.55,9.26,9.29,8.565945,59794400
556,9.36,9.45,9.26,9.38,8.648931,48499200
557,9.38,9.57,9.35,9.53,8.787239,41274300
558,9.46,9.57,9.41,9.54,8.796461,40928600
559,9.6,9.6,9.45,9.6,8.851785,37347400
560,9.58,9.65,9.44,9.46,8.722695,55810100
561,9.38,9.8,9.27,9.38,8.648931,52203600
562,9.38,9.58,9.37,9.49,8.750357,36317200
563,9.53,9.67,9.47,9.54,8.796461,33098000
564,9.63,9.67,9.43,9.54,8.796461,46677600
565,9.5,9.53,9.12,9.31,8.584388,57170100
566,9.28,9.31,8.98,9.05,8.34465,54582500
567,9.02,9.36,8.96,9.25,8.529062,56292500
568,9.1,9.22,9.01,9.06,8.353872,35159900
569,9.05,9.2,8.98,9.11,8.399974,25882700
570,9.07,9.22,9.03,9.13,8.418415,13520800
571,9.23,9.53,9.17,9.4,8.667371,46304400
572,9.37,9.43,9.25,9.28,8.556725,34283200
573,9.27,9.44,9.17,9.41,8.676593,33199500
574,9.37,9.44,9.26,9.37,8.63971,29207600
575,9.37,9.48,9.36,9.41,8.676593,36269500
576,9.71,9.85,9.6,9.6,8.851785,64668600
577,9.55,9.6,9.18,9.18,8.464518,57930300
578,9.12,9.12,8.92,9.02,8.316989,53963600
579,9.02,9.13,8.8,8.82,8.132576,43534800
580,8.83,8.85,8.38,8.52,7.855958,56499700
581,8.72,8.8,8.5,8.54,7.874399,42294500
582,8.64,8.73,8.59,8.64,7.966605,40602700
583,8.67,8.7,8.46,8.5,7.837517,34200400
584,8.52,8.68,8.46,8.52,7.855958,35613300
585,8.48,8.72,8.41,8.5,7.837517,44469900
586,8.55,8.68,8.41,8.47,7.809855,38263000
587,8.46,8.65,8.27,8.32,7.671545,75272900
588,8.33,8.42,8.18,8.26,7.616223,58926200
589,8.22,8.4,8.04,8.05,7.422589,57542300
590,8.01,8.01,7.61,7.63,7.035324,38709500
591,7.73,7.86,7.41,7.85,7.238178,58810000
592,7.82,7.85,7.53,7.85,7.238178,49813000
593,7.83,8.04,7.76,7.81,7.201295,47331700
594,7.85,7.86,7.5,7.65,7.053765,57816000
595,7.53,8.02,7.48,7.9,7.28428,47494400
596,7.97,7.99,7.78,7.78,7.173633,39172400
597,7.91,8.12,7.85,8.08,7.450252,43039800
598,8.11,8.37,8.03,8.29,7.643884,40729400
599,8.42,8.54,8.35,8.37,7.717649,45644000
600,8.45,8.77,8.36,8.72,8.040372,48404900
601,8.71,8.77,8.45,8.67,7.994267,39490400
602,8.77,8.93,8.7,8.82,8.132576,41559900
603,8.8,9.06,8.76,8.99,8.289328,44833800
604,9.02,9.03,8.75,8.84,8.151017,65311700
605,8.68,8.77,8.26,8.29,7.643884,73869900
606,8.27,8.44,8.21,8.36,7.708428,56722600
607,8.39,8.6,8.33,8.58,7.911282,51127900
608,8.54,8.61,8.46,8.5,7.837517,47182600
609,8.54,8.54,8.28,8.34,7.689988,45196900
610,8.32,8.68,8.22,8.6,7.929724,79516400
611,8.74,8.96,8.73,8.86,8.169458,53098800
612,8.8,8.8,8.58,8.66,7.985046,42116300
613,8.71,8.79,8.62,8.76,8.077253,30485000
614,8.66,8.72,8.52,8.71,8.171064,29906100
615,8.62,8.82,8.6,8.8,8.255496,39389100
616,8.77,8.81,8.62,8.72,8.180448,34124000
617,8.7,8.7,8.59,8.7,8.161684,28855600
618,8.68,8.76,8.65,8.75,8.20859,26166800
619,8.79,8.9,8.68,8.72,8.180448,32644300
620,8.62,8.62,8.29,8.31,7.795816,55161800
621,8.29,8.41,8.16,8.39,7.870865,38650100
622,8.41,8.44,8.29,8.33,7.814578,27403500
623,8.38,8.47,8.38,8.46,7.936534,26235100
624,8.45,8.66,8.39,8.41,7.889627,27182900
625,8.38,8.47,8.32,8.42,7.89901,23569900
626,8.49,8.56,8.41,8.54,8.011583,58080300
627,8.53,8.85,8.53,8.83,8.283641,37929200
628,8.83,8.98,8.82,8.94,8.386833,55316900
629,8.94,8.96,8.7,8.71,8.171064,44730400
630,8.73,8.75,8.56,8.71,8.171064,40947500
631,8.77,8.85,8.75,8.76,8.217972,56615400
632,8.75,8.94,8.72,8.88,8.330546,38348800
633,8.83,8.91,8.78,8.78,8.236733,34093300
634,8.77,8.79,8.6,8.77,8.227353,43960500
635,8.85,8.89,8.71,8.79,8.246116,37699500
636,8.83,8.97,8.76,8.81,8.264878,46196900
637,8.8,8.81,8.7,8.77,8.227353,40852600
638,8.75,8.78,8.56,8.58,8.049109,50378600
639,8.56,8.57,8.35,8.48,7.955296,54286000
640,8.4,8.47,8.34,8.42,7.89901,43766800
641,8.46,8.63,8.45,8.61,8.077252,36875300
642,8.65,8.7,8.55,8.57,8.039727,37805000
643,8.59,8.65,8.5,8.53,8.002203,49018700
644,8.52,8.55,8.4,8.41,7.889627,36307900
645,8.42,8.47,8.37,8.43,7.908391,66555500
646,8.45,8.57,8.42,8.57,8.039727,37198300
647,8.61,8.87,8.61,8.7,8.161684,57293600
648,8.67,8.67,8.48,8.51,7.983441,54539700
649,8.5,8.69,8.49,8.69,8.152303,46843100
650,8.63,8.67,8.52,8.54,8.011583,41964000
651,8.56,8.65,8.47,8.51,7.983441,45849500
652,8.54,8.76,8.54,8.76,8.217972,47852100
653,8.75,8.86,8.62,8.62,8.086635,39895800
654,8.65,8.83,8.64,8.77,8.227353,38914700
655,8.8,8.89,8.71,8.78,8.236733,33962800
656,8.86,9,8.86,8.98,8.424358,45653100
657,8.95,9.03,8.91,9.01,8.452501,30699400
658,9.07,9.27,9.06,9.13,8.565078,56663600
659,9.21,9.3,9.18,9.24,8.668272,39483100
660,9.17,9.27,9.08,9.25,8.677652,37854700
661,9.18,9.32,9.17,9.3,8.724559,26221100
662,9.27,9.36,9.17,9.21,8.640128,29879100
663,9.23,9.35,9.2,9.33,8.752703,28469500
664,9.35,9.41,9.33,9.39,8.80899,26488100
665,9.47,9.6,9.44,9.45,8.865276,38646000
666,9.48,9.5,9.26,9.33,8.752703,41206700
667,9.32,9.4,9.24,9.36,8.780846,40950000
668,9.4,9.58,9.39,9.5,8.912184,30688300
669,9.52,9.62,9.48,9.55,8.95909,29843000
670,9.58,9.58,9.46,9.5,8.912184,38718500
671,9.36,9.51,9.3,9.5,9.05516,39493700
672,9.45,9.61,9.4,9.57,9.121881,39796300
673,9.52,9.53,9.34,9.4,8.959842,52596700
674,10.03,10.45,9.95,10.41,9.922548,156136700
675,10.36,10.39,10.07,10.32,9.836762,62500500
676,10.29,10.5,10.27,10.45,9.960675,46079300
677,10.48,10.5,10.29,10.3,9.817699,41805500
678,10.3,10.35,10.2,10.34,9.855827,34508400
679,10.37,10.45,10.3,10.41,9.922548,36291200
680,10.12,10.42,10.12,10.37,9.884421,28640600
681,10.33,10.41,10.3,10.38,9.893953,41154500
682,10.38,10.45,10.31,10.34,9.855827,33472200
683,10.26,10.3,10.07,10.2,9.722382,43621300
684,10.32,10.41,10.2,10.38,9.893953,37629500
685,10.17,10.26,10.04,10.08,9.608002,51102100
686,10.15,10.29,10.13,10.24,9.760509,31297200
687,10.21,10.4,10.04,10.36,9.874889,44050200
688,10.3,10.44,10.3,10.4,9.913016,32697000
689,10.32,10.44,10.24,10.29,9.808168,34565400
690,10.3,10.3,10.2,10.28,9.798635,29535900
691,10.31,10.31,10.15,10.24,9.760509,30099300
692,10.17,10.21,9.93,9.97,9.503152,51407200
693,9.85,9.85,9.67,9.85,9.388772,43153800
694,9.92,9.95,9.8,9.83,9.369707,22131500
695,9.87,9.9,9.77,9.78,9.322048,27656200
696,9.69,9.75,9.55,9.71,9.255326,32262600
697,9.74,9.84,9.68,9.74,9.283922,24759600
698,9.48,9.54,9.32,9.52,9.074224,48250400
699,9.62,9.65,9.46,9.61,9.160008,39446800
700,9.73,9.95,9.72,9.92,9.455493,37324100
701,9.87,9.92,9.65,9.78,9.322048,42464800
702,9.72,9.82,9.66,9.75,9.293454,28291100
703,9.76,9.82,9.7,9.76,9.302985,18848700
704,9.89,10.03,9.76,9.82,9.360175,33883400
705,9.87,9.98,9.79,9.92,9.455493,26434200
706,9.9,9.93,9.84,9.85,9.388772,21746700
707,9.87,10.06,9.8,10.06,9.588937,25555900
708,10.01,10.04,9.94,9.98,9.512683,21553200
709,9.99,10.09,9.94,10.05,9.579405,19383800
710,10.08,10.2,10.05,10.1,9.627065,32591700
711,10.15,10.18,10.03,10.04,9.569874,29051300
712,10.13,10.15,9.95,10.04,9.569874,32086500
713,10.03,10.05,9.91,9.99,9.522215,47904000
714,9.95,10.02,9.93,9.95,9.484088,28091200
715,9.97,9.99,9.83,9.84,9.379239,28682000
716,9.87,9.96,9.82,9.91,9.445961,33739100
717,10.04,10.24,10,10.2,9.722382,42954600
718,10.2,10.31,10.2,10.23,9.750978,37551600
719,10.34,10.43,10.07,10.15,9.674723,38452600
720,10.15,10.21,10.04,10.12,9.646129,29708000
721,10.18,10.3,10.13,10.2,9.722382,19326600
722,10.18,10.27,10.09,10.2,9.722382,21397900
723,10.2,10.26,10.18,10.2,9.722382,23244100
724,10.17,10.19,10.1,10.14,9.665193,25140600
725,10.19,10.26,10.11,10.11,9.636596,29082200
726,10.15,10.2,10.11,10.19,9.712851,27667500
727,10.24,10.5,10.24,10.49,9.998802,40761600
728,10.49,10.56,10.34,10.42,9.93208,33753500
729,10.37,10.51,10.29,10.51,10.017866,29530500
730,10.48,10.5,10.31,10.33,9.846294,25204400
731,10.3,10.31,10.18,10.26,9.779572,25810600
732,10.3,10.32,10.2,10.2,9.722382,38505600
733,10.13,10.17,10,10.02,9.69336,36238600
734,10.13,10.22,10.06,10.17,9.83847,74624800
735,10.18,10.35,10.14,10.33,9.993254,61107500
736,9.75,9.78,9.4,9.56,9.248356,133898600
737,9.58,9.65,9.51,9.57,9.25803,47710200
738,9.6,9.68,9.52,9.6,9.287052,36487800
739,9.56,9.58,9.48,9.55,9.238682,36944700
740,9.57,9.58,9.4,9.53,9.219334,56715500
741,9.53,9.59,9.28,9.31,9.006506,58060800
742,9.26,9.34,9.21,9.28,8.977483,41495200
743,9.18,9.27,9.06,9.23,8.929112,47963400
744,9.42,9.51,9.36,9.48,9.170962,51856100
745,9.43,9.56,9.32,9.53,9.219334,43042400
746,9.56,9.62,9.51,9.56,9.248356,25469000
747,9.54,9.58,9.39,9.45,9.141941,38739700
748,9.39,9.43,9.28,9.29,8.987157,23050400
749,9.29,9.42,9.18,9.26,8.958136,28231500
750,9.13,9.15,8.96,9,8.706611,45967400
751,9.06,9.06,8.78,8.86,8.571175,40682800
752,8.92,9,8.81,8.96,8.667914,27369900
753,9.05,9.1,9.02,9.03,8.735632,21844000
754,9,9.07,8.93,8.96,8.667914,25108600
755,9.02,9.05,8.97,9.04,8.745307,20434800
756,9.05,9.14,9.02,9.04,8.745307,20974700
757,8.9,8.99,8.73,8.77,8.484109,44982300
758,8.88,8.91,8.79,8.82,8.532478,31888200
759,8.89,8.91,8.75,8.76,8.474435,23024400
760,8.72,9.04,8.7,9,8.706611,35147300
761,9.1,9.14,9.03,9.12,8.8227,22011000
762,9.16,9.23,9.1,9.17,8.871069,32057900
763,9.18,9.2,9.04,9.1,8.803351,26331000
764,9.17,9.23,9.07,9.2,8.900091,27406400
765,9.25,9.4,9.25,9.34,9.035527,36626800
766,9.37,9.41,9.2,9.34,9.035527,29210100
767,9.39,9.65,9.39,9.54,9.229008,48059400
768,9.08,9.42,9.04,9.42,9.112919,70567300
769,9.29,9.43,9.29,9.42,9.112919,34190300
770,9.36,9.48,9.32,9.41,9.103246,35687700
771,9.47,9.59,9.44,9.45,9.141941,27161300
772,9.36,9.45,9.24,9.3,8.996831,50052600
773,9.27,9.31,9.18,9.28,8.977483,27391200
774,9.26,9.36,9.22,9.25,8.948462,24309400
775,9.31,9.33,9.1,9.1,8.803351,28780700
776,9.13,9.3,9.11,9.17,8.871069,37491300
777,9.13,9.23,9.08,9.16,8.861395,22051100
778,9.19,9.23,9.05,9.11,8.813025,33092500
779,9.1,9.23,9.09,9.2,8.900091,20510300
780,9.23,9.23,9.07,9.14,8.842048,26556300
781,9.14,9.6,9.06,9.08,8.784003,32459500
782,9.11,9.21,9.1,9.16,8.861395,21510000
783,9.19,9.24,8.87,8.9,8.60987,39559500
784,8.85,8.86,8.44,8.61,8.329324,68137000
785,8.55,8.71,8.45,8.71,8.426064,40827900
786,8.72,8.76,8.66,8.74,8.455086,27827400
787,8.7,8.79,8.61,8.68,8.397042,29340400
788,8.65,8.66,8.5,8.54,8.261606,31091200
789,8.61,8.64,8.56,8.56,8.280955,16898500
790,8.58,8.65,8.52,8.62,8.338999,28069600
791,8.73,8.87,8.73,8.78,8.493782,34175700
792,8.82,8.84,8.76,8.82,8.532478,24794500
793,8.84,9.1,8.78,9.07,8.774328,29771700
794,9.11,9.19,9.06,9.07,8.774328,27190300
795,9.12,9.14,9.03,9.11,8.813025,28361200
796,9.09,9.32,9.09,9.29,8.987157,42422900
797,9.19,9.24,9.01,9.03,8.878997,33610200
798,9.01,9.14,8.96,9.07,8.918327,35878500
799,9.01,9.21,8.97,9.21,9.055987,44770400
800,8.87,8.89,8.55,8.6,8.456188,120395200
801,8.67,8.75,8.62,8.72,8.574182,51373600
802,8.76,8.76,8.58,8.61,8.46602,39635300
803,8.59,8.71,8.59,8.64,8.495519,36771800
804,8.64,8.64,8.52,8.54,8.397191,28685300
805,8.58,8.6,8.5,8.59,8.446355,29124100
806,8.64,8.93,8.64,8.89,8.741339,55354900
807,8.93,9.05,8.93,9,8.849499,46716500
808,9.02,9.15,9,9.02,8.869164,37569700
809,9.05,9.05,8.89,8.92,8.770837,39497700
810,8.96,9.01,8.88,8.89,8.741339,32640400
811,8.9,9.04,8.82,9.04,8.888829,29476800
812,8.95,9.1,8.94,9.08,8.928161,24846600
813,9.06,9.13,9.04,9.04,8.888829,28703900
814,9,9,8.8,8.81,8.662676,34491200
815,8.85,8.91,8.78,8.79,8.64301,26527800
816,8.85,8.96,8.85,8.95,8.800335,26416300
817,9.05,9.05,8.89,8.95,8.800335,38291400
818,8.99,9,8.87,8.9,8.75117,31168900
819,8.88,8.89,8.68,8.73,8.584013,38271500
820,8.77,8.79,8.67,8.71,8.564348,33161400
821,8.8,8.9,8.77,8.89,8.741339,34966700
822,8.9,9.01,8.87,9,8.849499,30580900
823,8.98,9.02,8.91,9.01,8.859331,30093800
824,9.03,9.15,9.02,9.1,8.947826,37396100
825,9.04,9.1,9.03,9.06,8.908496,13096200
826,9.08,9.14,9,9.01,8.859331,37232700
827,8.95,8.95,8.8,8.89,8.741339,40653100
828,8.95,9.03,8.94,8.95,8.800335,29982900
829,8.97,9,8.88,8.93,8.780669,25768600
830,8.96,9.07,8.95,9.02,8.869164,31086900
831,8.97,9.07,8.96,9.01,8.859331,21772900
832,9.02,9.1,8.96,9.07,8.918327,34217700
833,9.06,9.14,9.06,9.11,8.957659,33204200
834,9.11,9.36,9.11,9.32,9.164147,48390900
835,9.32,9.39,9.19,9.23,9.075652,35334500
836,9.24,9.39,9.22,9.39,9.232977,42337600
837,9.38,9.41,9.31,9.39,9.232977,35503900
838,9.39,9.57,9.36,9.54,9.380468,45905300
839,9.55,9.57,9.38,9.41,9.252643,42236000
840,9.5,9.54,9.44,9.48,9.321471,50191200
841,9.5,9.57,9.4,9.44,9.282141,54784400
842,9.44,9.49,9.43,9.47,9.31164,11881600
843,9.47,9.49,9.43,9.45,9.291973,28961300
844,9.45,9.46,9.35,9.36,9.203478,28272800
845,9.34,9.35,9.23,9.25,9.095318,36074900
846,9.25,9.33,9.25,9.3,9.144482,32342100
847,9.29,9.42,9.19,9.42,9.262475,43425700
848,9.31,9.37,9.15,9.21,9.055987,45040800
849,9.1,9.17,9.06,9.16,9.006823,43372300
850,9.2,9.25,9.12,9.25,9.095318,44984100
851,9.23,9.3,9.17,9.25,9.095318,45994900
852,9.3,9.31,9.18,9.26,9.105151,51817400
853,9.27,9.36,9.25,9.25,9.095318,39796300
854,9.25,9.26,9.11,9.24,9.085485,48553700
855,9.22,9.33,9.21,9.29,9.134649,42935600
856,9.27,9.3,9.18,9.19,9.036321,55923900
857,9.23,9.28,9.15,9.17,9.016656,44310400
858,9.19,9.23,9.13,9.16,9.006823,41644900
859,9.15,9.22,9.1,9.21,9.055987,49556400
860,9.22,9.25,9.15,9.16,9.006823,39914800
861,9.14,9.16,8.93,9.14,8.987158,75848700
862,9.11,9.12,8.96,9,8.849499,68100900
863,8.88,8.96,8.78,8.89,8.741339,60769300
864,8.94,9,8.86,8.97,8.820001,85163400
865,8.85,8.96,8.84,8.86,8.86,59057400
866,8.81,8.84,8.73,8.84,8.84,42827800
867,8.78,8.84,8.74,8.82,8.82,59813700
868,8.85,9.14,8.85,8.98,8.98,71405400
869,9.08,9.24,9.07,9.18,9.18,86196400
870,8.41,8.48,8.26,8.31,8.31,145792500
871,8.37,8.38,8.25,8.25,8.25,68823400
872,8.21,8.21,8.02,8.11,8.11,98256500
873,8.15,8.15,8.05,8.06,8.06,71834900
874,8.1,8.15,8.08,8.1,8.1,80164500
875,8.14,8.33,8.13,8.24,8.24,111536800
876,8.21,8.36,8.21,8.25,8.25,67648800
877,8.27,8.27,8.08,8.1,8.1,46359700
878,8.12,8.15,8.02,8.06,8.06,65094800
879,8.06,8.1,8,8,8,69668200
880,8,8.07,7.99,8.03,8.03,52318200
881,8.02,8.03,7.89,7.89,7.89,58326300
882,7.7,7.72,7.55,7.57,7.57,110048200
883,7.68,7.68,7.22,7.23,7.23,108888300
884,7.3,7.46,7.21,7.21,7.21,92469500
885,7.13,7.28,6.92,6.97,6.97,118642400
886,6.84,6.96,6.67,6.96,6.96,116490700
887,7.11,7.23,6.88,7.2,7.2,96766000
888,7.29,7.34,6.89,6.97,6.97,97457800
889,7.09,7.09,6.92,7.08,7.08,70588100
890,6.96,6.97,6.71,6.74,6.74,78070900
891,6.6,6.68,6.4,6.49,6.49,109932200
892,5.97,6.14,5.87,5.9,5.9,103901700
893,6.26,6.29,5.8,6.26,6.26,101873600
894,6.06,6.11,5.88,5.9,5.9,98587100
895,5.38,5.69,5.2,5.35,5.35,89453100
896,5.87,5.9,5.12,5.63,5.63,125375300
897,5.04,5.22,5,5.01,5.01,110310900
898,5.08,5.14,4.7,5.01,5.01,104233500
899,4.75,4.84,4.1,4.5,4.5,125954700
900,4.33,4.58,4.1,4.47,4.47,126603800
901,4.54,4.75,4.25,4.33,4.33,129378600
902,4.27,4.52,3.96,4.01,4.01,134925000
903,4.47,4.99,4.26,4.95,4.95,146192100
904,5.77,5.87,5.12,5.39,5.39,198999400
905,5.36,5.65,5.16,5.25,5.25,138227600
906,5.07,5.3,4.91,5.19,5.19,106324000
907,5.11,5.12,4.93,5.03,5.03,97879700
908,5.03,5.19,4.75,4.83,4.83,231800800
909,4.63,4.77,4.36,4.4,4.4,119174500
910,4.39,4.57,4.25,4.36,4.36,90891700
911,4.4,4.42,4.17,4.24,4.24,85659900
912,4.54,4.67,4.41,4.53,4.53,102205300
913,4.85,5.03,4.63,4.71,4.71,115150400
914,4.86,5.09,4.8,5.03,5.03,117022200
915,5.51,5.75,5.24,5.37,5.37,175681700
916,5.43,5.43,5.02,5.16,5.16,99320000
917,5.27,5.44,5.16,5.29,5.29,74877000
918,5.06,5.14,4.95,5.03,5.03,74727700
919,5.06,5.07,4.89,4.94,4.94,58951200
920,5.17,5.28,5.03,5.12,5.12,91989300
921,5.01,5.09,4.91,4.98,4.98,71079400
922,4.89,4.92,4.72,4.77,4.77,82400200
923,4.87,4.89,4.75,4.77,4.77,62237200
924,4.8,4.98,4.77,4.89,4.89,61959800
925,4.93,4.96,4.8,4.87,4.87,54320400
926,4.91,5.19,4.88,5.17,5.17,91082800
927,5.49,5.54,5.22,5.38,5.38,106222800
928,5.33,5.5,5.21,5.26,5.26,126393000
929,5.16,5.24,5.06,5.09,5.09,93437900
930,5.02,5.05,4.9,4.92,4.92,82660100
931,4.88,4.97,4.77,4.86,4.86,84214700
932,4.99,5.09,4.94,4.97,4.97,96301300
933,5.05,5.09,4.82,4.87,4.87,89390400
934,4.9,4.98,4.85,4.87,4.87,67222900
935,4.96,5.25,4.95,5.24,5.24,101207100
936,5.18,5.19,5.05,5.12,5.12,75734000
937,5.15,5.22,4.97,4.98,4.98,70965200
938,5,5.01,4.66,4.72,4.72,100192300
939,4.64,4.92,4.52,4.89,4.89,108061100
940,4.8,4.94,4.75,4.9,4.9,80544700
941,5.12,5.33,5.12,5.31,5.31,136157700
942,5.27,5.45,5.15,5.3,5.3,94836300
943,5.38,5.54,5.37,5.49,5.49,87685400
944,5.45,5.69,5.44,5.63,5.63,87098200
945,5.68,5.73,5.5,5.65,5.65,76656500
946,5.92,5.99,5.82,5.84,5.84,86046300
947,6.01,6.09,5.84,6.03,6.03,110413900
948,6.05,6.07,5.81,5.85,5.85,76930200
949,5.75,5.8,5.57,5.71,5.71,92936300
950,5.73,5.88,5.67,5.87,5.87,61879700
951,5.96,6,5.83,5.9,5.9,80046000
952,5.99,6.27,5.92,6.19,6.19,98876600
953,6.2,6.58,6.12,6.57,6.57,115798600
954,7.24,7.5,7.02,7.34,7.34,208648200
955,7.53,7.74,7.37,7.53,7.53,113169300
956,7.22,7.44,7.05,7.24,7.24,115749600
957,7.33,7.34,6.77,6.81,6.81,147327100
958,6.07,6.46,6.04,6.13,6.13,116184700
959,6.56,6.63,6.3,6.46,6.46,88778000
960,6.18,6.58,6.11,6.5,6.5,104742600
961,6.87,6.87,6.44,6.55,6.55,109535200
962,6.56,6.56,6.31,6.33,6.33,67831400
963,6.26,6.45,6.19,6.33,6.33,61301800
964,6.64,6.69,6.23,6.23,6.23,126127800
965,6.27,6.28,6.13,6.28,6.28,71724300
966,6.33,6.38,6.14,6.15,6.15,86672800
967,6.06,6.12,5.86,5.95,5.95,75536300
968,5.86,6.05,5.8,6.03,6.03,73612700
969,6.04,6.07,5.81,5.91,5.91,118435400
970,5.91,6.07,5.81,6.01,6.01,58208400
971,5.98,6.1,5.9,6.08,6.08,61909300
972,6.1,6.18,5.95,5.98,5.98,62454700
973,6.1,6.17,6,6.05,6.05,67270500
974,6.14,6.2,6.11,6.19,6.19,63921800
975,6.14,6.2,6.09,6.12,6.12,56652000
976,6.13,6.18,6.05,6.09,6.09,60928600
977,6.09,6.1,5.82,5.84,5.84,82693000
978,5.8,6.1,5.74,6.1,6.1,73710700
979,6.15,6.22,6.05,6.06,6.06,80190700
980,6.18,6.39,6.08,6.36,6.36,106131800
981,6.54,6.78,6.52,6.74,6.74,101648700
982,6.66,6.9,6.63,6.86,6.86,93498500
983,6.9,6.91,6.73,6.8,6.8,80769000
984,6.8,6.85,6.58,6.66,6.66,71361700
985,6.71,6.81,6.64,6.68,6.68,63285100
986,6.64,6.88,6.61,6.84,6.84,75629600
987,6.87,7.06,6.8,6.98,6.98,88652600
988,6.9,7.01,6.86,6.88,6.88,62292000
989,6.92,6.94,6.77,6.93,6.93,60370200
990,6.9,7.05,6.9,7.01,7.01,56312500
991,7.05,7.06,6.83,6.92,6.92,59437200
992,6.74,6.83,6.67,6.74,6.74,58991000
993,6.89,6.9,6.52,6.61,6.61,115301700
994,6.65,6.72,6.53,6.69,6.69,53845900
995,6.91,6.91,6.73,6.86,6.86,69377600
996,6.86,7.03,6.86,6.96,6.96,81728400
997,6.93,7,6.89,6.93,6.93,48668500
998,6.87,6.92,6.79,6.86,6.86,47480100
999,6.91,7.13,6.91,7.09,7.09,57229000
1000,7.21,7.38,7.19,7.23,7.23,74016400
1001,7.33,7.37,7.06,7.11,7.11,59161400
1002,7.03,7.18,7,7.03,7.03,50066800
1003,6.97,7.11,6.93,7.04,7.04,43517700
1004,7.05,7.06,6.87,6.98,6.98,64555200
1005,6.98,7.01,6.89,6.89,6.89,40444200
1006,6.89,7.02,6.86,6.87,6.87,44158100
1007,6.77,6.89,6.73,6.84,6.84,41824500
1008,6.78,6.85,6.65,6.66,6.66,39158900
1009,6.73,7,6.69,6.98,6.98,64974700
1010,7.01,7.1,6.86,6.94,6.94,49550000
1011,6.94,6.97,6.77,6.82,6.82,48600100
1012,6.83,6.98,6.83,6.91,6.91,45740900
1013,6.93,6.95,6.86,6.94,6.94,39936900
1014,6.9,6.93,6.79,6.82,6.82,50089500
1015,6.77,6.87,6.72,6.83,6.83,48189900
1016,6.81,6.97,6.77,6.95,6.95,59008900
1017,6.92,7.09,6.76,6.82,6.82,78130900
1018,6.86,6.95,6.75,6.9,6.9,70017500
1019,6.83,7.17,6.81,7.03,7.03,84749300
1020,7.07,7.1,6.93,6.97,6.97,56501400
1021,6.99,7.04,6.87,6.91,6.91,69228600
1022,6.94,7,6.85,7,7,55080600
1023,7.01,7.18,6.98,7.12,7.12,58704300
1024,7.16,7.18,7,7.04,7.04,65198500
1025,7.05,7.12,6.99,7.02,7.02,46245800
1026,7.04,7.34,6.98,7.28,7.28,84850100
1027,7.31,7.4,7.22,7.23,7.23,71929400
1028,7.09,7.09,6.81,6.87,6.87,72850300
1029,6.89,6.99,6.77,6.78,6.78,55865500
1030,6.81,6.93,6.63,6.64,6.64,52588600
1031,6.6,6.76,6.41,6.66,6.66,59822900
1032,6.61,6.71,6.5,6.51,6.51,53761800
1033,6.59,6.77,6.58,6.69,6.69,47582600
1034,6.69,6.7,6.54,6.6,6.6,38987300
1035,6.61,6.75,6.59,6.66,6.66,55944600
1036,6.71,6.77,6.63,6.75,6.75,58340600
1037,6.62,6.93,6.6,6.89,6.89,60798400
1038,6.95,7.05,6.95,7.02,7.02,42359400
1039,7.06,7.25,6.96,6.98,6.98,78203800
1040,7.11,7.25,7.06,7.23,7.23,50664100
1041,7.29,7.35,7.2,7.35,7.35,54513300
1042,7.36,7.44,7.23,7.25,7.25,50977900
1043,7.36,7.87,7.33,7.67,7.67,97692900
1044,7.82,7.88,7.63,7.76,7.76,74562600
1045,7.73,7.75,7.55,7.57,7.57,57752100
1046,7.42,7.62,7.37,7.62,7.62,49336200
1047,7.71,7.75,7.61,7.67,7.67,47509400
1048,7.68,7.72,7.57,7.59,7.59,38960700
1049,7.62,7.85,7.58,7.74,7.74,63447000
1050,7.77,7.88,7.73,7.85,7.85,51981100
1051,7.93,8.22,7.89,8.21,8.21,74008500
1052,8.3,8.35,8.09,8.16,8.16,62249000
1053,8.04,8.07,7.94,8.03,8.03,62131000
1054,8.01,8.09,7.9,7.92,7.92,64154500
1055,7.68,7.88,7.63,7.7,7.7,82938300
1056,8.17,8.24,7.85,7.9,7.9,118999900
1057,7.85,7.91,7.61,7.73,7.73,79345600
1058,7.83,7.86,7.68,7.71,7.71,59962900
1059,7.76,7.93,7.73,7.88,7.88,65108800
1060,7.86,7.87,7.63,7.64,7.64,67326800
1061,7.76,7.99,7.71,7.99,7.99,61442600
1062,8.01,8.02,7.75,7.79,7.79,50912100
1063,8.11,8.38,8.08,8.2,8.2,110511300
1064,8.23,8.59,8.18,8.38,8.38,87468400
1065,8.6,8.6,8.29,8.33,8.33,75644400
1066,8.26,8.29,8.1,8.21,8.21,81064900
1067,8.23,8.57,8.23,8.54,8.54,79475100
1068,8.74,8.85,8.61,8.8,8.8,84853900
1069,8.66,8.85,8.63,8.75,8.75,46754500
1070,8.82,9.05,8.78,8.82,8.82,77759300
1071,8.88,8.88,8.74,8.82,8.82,56672700
1072,8.81,8.82,8.68,8.74,8.74,57024300
1073,8.82,8.98,8.78,8.86,8.86,71537100
1074,9.15,9.5,9.14,9.45,9.45,99520500
1075,9.2,9.25,9,9.08,9.08,95217800
1076,9.12,9.14,9.03,9.09,9.09,27853900
1077,9.23,9.23,8.98,9.08,9.08,77970100
1078,9.16,9.4,9.16,9.24,9.24,68863000
1079,9.16,9.24,9.08,9.2,9.2,48345000
1080,9.26,9.32,9.15,9.21,9.21,50302100
1081,9.26,9.44,9.24,9.34,9.34,48775500
1082,9.31,9.33,9.15,9.22,9.22,58305200
1083,9.19,9.33,9.17,9.25,9.25,56296700
1084,9.31,9.49,9.29,9.45,9.45,60780300
1085,9.31,9.32,9.1,9.12,9.12,83372800
1086,9.19,9.19,9.01,9.02,9.02,73438200
1087,9.13,9.18,8.88,8.91,8.91,76826000
1088,9.03,9.15,8.94,9.15,9.15,69606100
1089,9.17,9.18,8.97,9.04,9.04,55274500
1090,9.09,9.13,9,9.08,9.08,49301600
1091,9.09,9.09,8.91,8.95,8.95,78764600
1092,8.87,9.01,8.79,8.93,8.93,63908100
1093,8.98,8.99,8.75,8.79,8.79,59031200
1094,8.82,9.03,8.8,8.99,8.99,54086700
1095,9.01,9.02,8.8,8.86,8.86,27927000
1096,8.92,8.98,8.86,8.89,8.89,38068400
1097,8.93,8.93,8.78,8.82,8.82,37537900
1098,8.83,8.92,8.81,8.86,8.86,38461900
1099,8.84,8.86,8.78,8.79,8.79,40176500
1100,8.81,8.84,8.43,8.52,8.52,85043100
1101,8.47,8.72,8.46,8.65,8.65,70127800
1102,8.79,8.94,8.68,8.84,8.84,72590200
1103,8.94,9.08,8.88,9.06,9.06,77117100
1104,9.1,9.14,8.89,9,9,59162200
1105,8.87,9.32,8.82,9.3,9.3,95968300
1106,9.3,9.82,9.29,9.78,9.78,124808500
1107,9.91,9.92,9.64,9.78,9.78,89549300
1108,9.81,10.2,9.79,10.17,10.17,112695300
1109,10.04,10.05,9.82,9.83,9.83,99985000
1110,10.06,10.21,9.97,10.02,10.02,78732800
1111,10.23,10.87,10.19,10.86,10.86,125033200
1112,11.28,12.15,11.12,11.53,11.53,282394100
1113,11.66,11.69,11.34,11.52,11.52,130866600
1114,11.49,11.52,10.88,11.29,11.29,118954500
1115,11.31,11.53,11.12,11.19,11.19,66267500
1116,11.02,11.17,10.7,10.79,10.79,82863000
1117,10.84,11.05,10.71,10.72,10.72,77388700
1118,10.59,10.84,10.45,10.53,10.53,73925800
1119,10.65,11.44,10.36,10.83,10.83,157114400
1120,11.14,11.2,10.71,10.86,10.86,80440700
1121,10.92,11.36,10.84,11.2,11.2,82968600
1122,11.4,11.62,11.17,11.37,11.37,106845000
1123,11.8,11.9,11.3,11.51,11.51,113402100
1124,11.52,11.58,11.31,11.56,11.56,75756700
1125,11.54,12.04,11.49,11.93,11.93,102250800
1126,12,12.02,11.53,11.76,11.76,76282500
1127,11.66,11.74,11.31,11.45,11.45,55762900
1128,11.42,11.62,11.37,11.45,11.45,44401200
1129,11.5,11.7,11.38,11.54,11.54,48392100
1130,11.61,11.61,11.37,11.48,11.48,49554000
1131,11.37,11.48,11.3,11.43,11.43,37777100
1132,11.52,11.59,11.46,11.58,11.58,48615600
1133,11.52,11.94,11.5,11.7,11.7,62183000
1134,11.59,11.65,11.13,11.62,11.62,72904500
1135,11.67,12.4,11.64,12.27,12.27,95152800
1136,12.22,12.4,11.72,11.76,11.76,75249400
1137,11.89,11.98,11.54,11.7,11.7,69614500
1138,11.87,12.08,11.78,11.98,11.98,43172800
1139,12.04,12.8,11.94,12.55,12.55,104789000
1140,12.61,12.61,12.14,12.17,12.17,80169700
1141,12.24,12.46,11.63,11.93,11.93,88339600
1142,12.06,12.29,11.67,12.27,12.27,79345700
1143,12.39,12.88,12.3,12.65,12.65,86129700
1144,12.76,12.76,12.38,12.57,12.57,61568700
1145,12.72,12.98,12.62,12.91,12.91,62111200
1146,12.94,13.06,12.75,12.81,12.81,56536500
1147,12.78,13.43,12.77,13.37,13.37,87160100
1148,13.39,13.62,13.05,13.2,13.2,64476000
1149,13.06,13.15,12.43,12.49,12.49,125425300
1150,12.34,12.7,12.22,12.69,12.69,109324400
1151,12.7,13.01,12.44,12.49,12.49,76733300
1152,12.85,12.95,12.55,12.83,12.83,90885200
1153,12.85,12.93,12.51,12.85,12.85,81362100
1154,12.57,12.68,12.12,12.21,12.21,73020200
1155,12.36,12.53,12.12,12.14,12.14,54534400
1156,11.94,12.35,11.72,12.32,12.32,54201800
1157,12.43,12.49,12.06,12.3,12.3,49239800
1158,12.2,12.36,12.07,12.15,12.15,44747900
1159,12.16,12.48,12.11,12.46,12.46,49762300
1160,12.46,12.54,12.21,12.25,12.25,60456900
1161,12.28,12.29,12.02,12.17,12.17,61907500
1162,12.39,12.78,12.33,12.7,12.7,82332700
1163,12.7,12.99,12.64,12.92,12.92,67499400
1164,12.87,12.93,12.66,12.73,12.73,42264000
1165,12.67,12.76,12.43,12.51,12.51,52622000
1166,12.49,12.62,12.39,12.51,12.51,40555400
1167,12.5,12.55,12.32,12.38,12.38,40422800
1168,12.39,12.45,12.1,12.2,12.2,51556000
1169,12.2,12.49,12.2,12.24,12.24,49877500
1170,12.3,12.32,12.13,12.24,12.24,38209300
1171,12.32,12.36,12.19,12.23,12.23,33132900
1172,12.22,12.25,12.02,12.11,12.11,39063500
1173,12.06,12.06,11.35,11.45,11.45,83170800
1174,11.36,11.74,11.18,11.73,11.73,49641100
1175,12.06,12.15,11.83,11.94,11.94,73064400
1176,11.97,12.24,11.87,12.22,12.22,51833300
1177,12.28,12.44,12.23,12.27,12.27,40863800
1178,12.29,12.5,12.27,12.49,12.49,42037800
1179,12.6,12.6,12.39,12.43,12.43,68023400
1180,11.91,11.91,11.14,11.26,11.26,230430600
1181,11.36,11.54,11.33,11.54,11.54,90786500
1182,11.56,11.68,11.43,11.63,11.63,61987300
1183,11.53,11.55,11.23,11.41,11.41,71007700
1184,11.5,11.64,11.4,11.61,11.61,64495500
1185,11.55,11.76,11.48,11.74,11.74,50032800
1186,11.65,11.83,11.52,11.82,11.82,41525800
1187,11.78,11.93,11.7,11.71,11.71,51703500
1188,11.45,11.76,11.42,11.58,11.58,56882600
1189,11.54,11.68,11.28,11.33,11.33,55663100
1190,11.36,11.68,11.35,11.55,11.55,56598500
1191,11.65,11.87,11.62,11.84,11.84,48619200
1192,11.82,12.18,11.79,12.15,12.15,52201700
1193,12.29,12.53,12.13,12.14,12.14,72472900
1194,12.03,12.21,11.85,12.11,12.11,70220800
1195,12.52,12.69,12.3,12.49,12.49,106243900
1196,12.7,13.47,12.57,13.33,13.33,200958600
1197,13.38,13.38,12.92,13.06,13.06,111374300
1198,13.13,13.43,12.8,12.81,12.81,113383400
1199,13.16,13.95,13.1,13.9,13.9,227538700
1200,14.38,15.05,14.12,14.88,14.88,278939100
1201,15.01,15.05,14.41,14.53,14.53,152105300
1202,14.72,14.84,14.46,14.81,14.81,89071000
1203,14.9,15.02,14.68,14.91,14.91,77517200
1204,15.15,16.059999,14.99,15.99,15.99,179671400
1205,16.33,16.450001,15.8,15.97,15.97,151788000
1206,16.01,16.200001,15.65,15.88,15.88,90915300
1207,15.76,15.8,15.33,15.63,15.63,93891100
1208,15.6,15.62,15.39,15.48,15.48,60079100
1209,15.59,15.78,15.08,15.11,15.11,78147500
1210,15.3,15.43,15.17,15.28,15.28,50613500
1211,15.23,15.3,14.82,14.87,14.87,82666000
1212,14.91,15.16,14.76,15,15,62612700
1213,15.1,15.29,14.88,15.02,15.02,69112900
1214,15.3,15.4,14.58,14.77,14.77,126653100
1215,14.54,14.77,14.44,14.52,14.52,76319700
1216,14.63,14.9,14.55,14.78,14.78,63385000
1217,15.02,15.11,14.82,14.91,14.91,65545900
1218,15.14,15.53,15.03,15.42,15.42,94985700
1219,15.54,15.55,15.15,15.26,15.26,79859800
1220,15.24,15.52,15.18,15.19,15.19,111760500
1221,15.2,15.21,14.83,14.96,14.96,79477400
1222,15.05,15.2,14.88,15.01,15.01,68208200
1223,14.95,15.11,14.81,14.86,14.86,72213500
1224,14.91,14.97,14.84,14.91,14.91,51112200
1225,14.96,15.04,14.83,14.93,14.93,43652000
1226,14.87,14.88,14.39,14.5,14.5,73990600
1227,14.41,14.46,14.02,14.23,14.23,72992500
1228,13.96,14.23,13.74,14.06,14.06,62706800
1229,14.45,14.58,14.27,14.48,14.48,65981200
1230,14.36,14.74,14.24,14.61,14.61,49205200
1231,14.5,14.63,14.3,14.42,14.42,45360600
1232,14.43,14.63,14.2,14.25,14.25,39056200
1233,14.15,14.3,13.94,14.01,14.01,44952300
1234,14.12,14.14,13.58,13.61,13.61,48065200
1235,13.25,13.32,12.79,13.28,13.28,99949200
1236,13.37,13.96,13.28,13.91,13.91,70731800
1237,14.05,14.34,14.03,14.19,14.19,53817500
1238,14.08,14.14,13.78,13.91,13.91,40440100
1239,13.97,14.04,13.73,13.82,13.82,37927900
1240,13.9,14.08,13.87,14.03,14.03,43838000
1241,13.93,13.96,13.65,13.79,13.79,41963200
1242,13.86,13.99,13.57,13.86,13.86,70653500
1243,14.51,14.79,14.3,14.39,14.39,111154800
1244,14.23,14.3,13.87,13.95,13.95,74801500
1245,14.02,14.33,13.88,13.91,13.91,64673700
1246,13.97,14.08,13.64,14.02,14.02,53257700
1247,13.85,13.93,13.3,13.32,13.32,81502700
1248,13.54,13.82,13.45,13.71,13.71,60524400
1249,13.82,13.91,13.73,13.8,13.8,44361100
1250,13.72,13.82,13.55,13.75,13.75,38760400
1251,13.77,13.91,13.66,13.82,13.82,32120800
1252,13.86,13.95,13.67,13.93,13.93,42795600
1253,13.92,14.05,13.79,13.9,13.9,38547900
1254,13.88,13.95,13.54,13.59,13.59,44915500
1255,13.5,13.56,13.32,13.46,13.46,38664300
1256,13.32,13.33,12.81,12.99,12.99,74625300
1257,12.95,13.21,12.9,13,13,50881700
